Name,Age,Occupation,Country
John Doe,28,Software Engineer,USA
Jane Smith,34,Data Scientist,Canada
Alice Johnson,29,Product Manager,UK
Bob Brown,45,Designer,Australia
Charlie Davis,23,Marketing Specialist,USA
David Wilson,31,Software Engineer,USA
Emma Thomas,27,Data Scientist,Canada
Olivia Martin,30,Product Manager,UK
Liam White,40,Designer,Australia
Sophia Harris,25,Marketing Specialist,USA
James Clark,33,Software Engineer,USA
Isabella Lewis,28,Data Scientist,Canada
Mason Walker,35,Product Manager,UK
Mia Hall,42,Designer,Australia
Benjamin Young,26,Marketing Specialist,USA
Lucas King,29,Software Engineer,USA
Amelia Scott,32,Data Scientist,Canada
Ethan Green,31,Product Manager,UK
Harper Adams,38,Designer,Australia
Aiden Baker,24,Marketing Specialist,USA
Ella Nelson,27,Software Engineer,USA
Logan Carter,34,Data Scientist,Canada
Avery Mitchell,30,Product Manager,UK
Jacob Perez,41,Designer,Australia
Scarlett Roberts,25,Marketing Specialist,USA
Michael Turner,28,Software Engineer,USA
Charlotte Phillips,33,Data Scientist,Canada
Alexander Campbell,29,Product Manager,UK
Abigail Parker,39,Designer,Australia
Daniel Evans,26,Marketing Specialist,USA
Henry Edwards,31,Software Engineer,USA
Emily Collins,27,Data Scientist,Canada
Sebastian Stewart,30,Product Manager,UK
Victoria Sanchez,40,Designer,Australia
Matthew Morris,25,Marketing Specialist,USA
Jack Rogers,32,Software Engineer,USA
Sofia Reed,28,Data Scientist,Canada
Owen Cook,35,Product Manager,UK
Grace Morgan,42,Designer,Australia
Carter Bell,26,Marketing Specialist,USA
Gabriel Murphy,29,Software Engineer,USA
Aria Bailey,32,Data Scientist,Canada
Julian Rivera,31,Product Manager,UK
Penelope Cooper,38,Designer,Australia
Levi Richardson,24,Marketing Specialist,USA
Nora Cox,27,Software Engineer,USA
Isaac Howard,34,Data Scientist,Canada
Lillian Ward,30,Product Manager,UK
Samuel Torres,41,Designer,Australia
Hannah Peterson,25,Marketing Specialist,USA
Elijah Gray,28,Software Engineer,USA
Zoe Ramirez,33,Data Scientist,Canada
David Wilson,29,Product Manager,UK
Emma Thomas,39,Designer,Australia
Olivia Martin,26,Marketing Specialist,USA
Liam White,31,Software Engineer,USA
Sophia Harris,27,Data Scientist,Canada
James Clark,30,Product Manager,UK
Isabella Lewis,40,Designer,Australia
Mason Walker,25,Marketing Specialist,USA
Mia Hall,32,Software Engineer,USA
Benjamin Young,28,Data Scientist,Canada
Lucas King,35,Product Manager,UK
Amelia Scott,42,Designer,Australia
Ethan Green,26,Marketing Specialist,USA
Harper Adams,29,Software Engineer,USA
Aiden Baker,32,Data Scientist,Canada
Ella Nelson,31,Product Manager,UK
Logan Carter,38,Designer,Australia
Avery Mitchell,24,Marketing Specialist,USA
Jacob Perez,27,Software Engineer,USA
Scarlett Roberts,34,Data Scientist,Canada
Michael Turner,30,Product Manager,UK
Charlotte Phillips,41,Designer,Australia
Alexander Campbell,25,Marketing Specialist,USA
Abigail Parker,28,Software Engineer,USA
Daniel Evans,33,Data Scientist,Canada
Henry Edwards,29,Product Manager,UK
Emily Collins,39,Designer,Australia
Sebastian Stewart,26,Marketing Specialist,USA
Victoria Sanchez,31,Software Engineer,USA
Matthew Morris,27,Data Scientist,Canada
Jack Rogers,30,Product Manager,UK
Sofia Reed,40,Designer,Australia
Owen Cook,25,Marketing Specialist,USA
Grace Morgan,32,Software Engineer,USA
Carter Bell,28,Data Scientist,Canada
Gabriel Murphy,35,Product Manager,UK
Aria Bailey,42,Designer,Australia
Julian Rivera,26,Marketing Specialist,USA
Penelope Cooper,29,Software Engineer,USA
Levi Richardson,32,Data Scientist,Canada
Nora Cox,31,Product Manager,UK
Isaac Howard,38,Designer,Australia
Lillian Ward,24,Marketing Specialist,USA
Samuel Torres,27,Software Engineer,USA
Hannah Peterson,34,Data Scientist,Canada
Elijah Gray,30,Product Manager,UK
Zoe Ramirez,41,Designer,Australia